ID,X1,X2,X3,X4,X5,X6,X7,X8,X9,X10
ID1,1,3,3,1,2,3,3,3,2,2
ID2,3,3,3,2,3,3,4,4,4,2
ID3,1,3,3,3,2,3,2,4,1,1
ID4,1,2,2,1,3,2,2,4,3,1
ID5,1,4,3,3,3,2,3,3,3,1
ID6,3,3,3,2,2,3,3,2,1,2
ID7,1,3,3,2,4,3,2,3,2,2
ID8,1,2,2,2,2,2,1,4,3,1
ID9,2,3,3,3,2,2,2,3,3,2
ID10,2,2,3,1,3,3,2,4,3,1
ID11,1,3,2,3,2,1,1,3,2,1
ID12,1,2,2,2,3,3,2,4,3,1
ID13,1,2,2,1,2,2,3,4,3,1
ID14,1,3,3,2,2,3,2,4,2,2
ID15,1,2,2,2,2,1,1,4,1,1
ID16,1,1,1,2,1,1,1,4,3,1
ID17,1,3,2,1,3,1,2,4,3,1
ID18,1,4,3,1,4,1,4,4,4,2
ID19,1,2,2,3,4,2,3,4,4,2
ID20,2,2,3,1,4,2,3,4,1,1
ID21,1,3,2,1,3,3,2,4,3,2
ID22,1,1,1,3,1,1,1,2,2,1
ID23,2,3,3,3,3,3,3,4,3,2
ID24,2,3,2,3,2,2,2,4,2,2
ID25,1,2,2,2,2,2,3,3,2,2
ID26,1,3,3,2,2,2,3,4,2,1
ID27,1,2,2,2,3,2,3,4,2,2
ID28,2,1,1,1,2,1,1,4,1,1
ID29,1,2,2,2,2,2,1,1,2,2
ID30,1,3,3,2,3,2,3,3,4,1
ID31,2,2,2,3,3,1,2,2,3,2
ID32,1,2,2,1,2,2,2,2,2,1
ID33,2,2,2,2,2,2,3,3,3,2
ID34,1,2,2,2,2,2,2,4,3,1
ID35,1,3,1,3,1,1,1,4,2,1
ID36,1,2,2,1,3,3,2,3,2,2
ID37,1,2,1,1,3,1,2,4,1,1
ID38,2,2,2,2,2,3,2,3,2,2
ID39,2,2,2,2,2,2,2,3,3,2
ID40,1,2,2,2,1,2,3,4,3,1
ID41,2,1,1,3,2,1,2,4,3,2
ID42,1,3,2,2,2,4,4,3,3,1
ID43,1,2,3,2,3,2,3,4,2,2
ID44,1,2,2,2,2,1,2,3,2,1
ID45,2,2,2,2,2,2,2,3,2,2
ID46,1,1,2,2,2,1,1,3,3,1
ID47,1,2,1,1,2,2,2,3,2,1
ID48,1,3,2,3,3,2,1,2,3,1
ID49,2,2,1,1,4,2,2,3,2,2
ID50,2,2,3,2,2,2,2,4,1,1
ID51,1,2,2,1,2,2,3,4,2,1
ID52,1,2,3,2,3,2,2,3,3,1
ID53,1,1,1,1,2,2,2,4,2,1
ID54,1,1,1,1,3,1,1,3,3,1
ID55,1,2,2,1,1,2,1,2,2,2
ID56,1,2,2,1,3,1,1,2,1,1
ID57,1,3,4,1,2,3,3,4,4,2
ID58,2,2,2,2,3,2,2,2,2,2
ID59,1,2,2,1,3,2,3,4,3,1
ID60,2,3,2,2,2,2,3,3,2,2
ID61,2,2,2,2,3,2,3,3,2,2
ID62,2,3,3,2,3,3,2,3,2,1
ID63,1,2,3,1,3,2,2,2,3,1
ID64,1,2,2,1,2,2,2,2,2,1
ID65,1,3,3,2,3,2,2,3,3,2
ID66,1,2,3,3,2,3,2,2,3,2
ID67,2,2,2,2,2,2,2,4,3,2
ID68,2,2,1,1,4,1,2,4,2,2
ID69,1,2,2,4,2,1,2,4,2,2
ID70,1,1,2,1,4,2,4,3,1,1
ID71,1,2,1,1,4,1,3,4,1,1
ID72,1,2,2,1,4,2,1,3,3,1
ID73,2,3,1,2,1,2,2,4,4,1
ID74,1,1,1,1,1,1,1,4,1,1
ID75,1,1,1,1,1,1,1,1,1,1
ID76,1,2,2,2,2,2,3,3,2,1
ID77,2,2,2,2,3,2,3,4,2,2
ID78,2,2,2,2,2,2,1,3,2,2
ID79,2,2,2,1,2,1,2,4,3,1
ID80,2,2,2,3,2,3,3,3,3,3
ID81,1,2,1,3,2,2,3,3,3,2
ID82,2,2,2,3,3,2,3,4,3,2
ID83,2,2,2,1,1,1,2,3,2,1
ID84,1,3,4,2,2,2,3,4,4,4
ID85,2,2,2,2,4,3,3,4,3,1
ID86,2,2,1,2,3,2,3,3,3,1
ID87,2,3,3,2,3,2,2,4,4,2
ID88,1,3,2,1,2,2,2,3,4,1
ID89,1,4,3,1,1,3,3,4,4,1
ID90,2,2,2,3,3,2,2,4,2,2
ID91,1,2,1,1,1,1,3,3,2,1
ID92,1,2,2,1,2,2,2,3,2,1
ID93,1,1,1,3,2,1,2,2,1,1
ID94,1,2,2,2,1,3,2,2,3,1
ID95,1,2,3,1,4,2,2,4,4,2
ID96,1,1,1,1,1,1,1,1,1,1
ID97,1,2,2,2,2,2,2,1,2,2
ID98,1,2,3,2,1,2,1,4,3,1
ID99,1,3,3,1,1,2,2,4,3,1
ID100,1,2,2,2,2,2,2,4,2,2
ID101,1,2,3,2,1,1,2,3,3,2
ID102,2,2,2,1,2,2,3,1,2,1
ID103,1,2,1,1,3,1,1,3,2,1
ID104,1,2,2,1,2,1,1,1,2,1
ID105,1,2,3,2,3,2,2,4,2,2
ID106,1,1,2,1,3,1,3,4,2,1
ID107,2,2,2,1,1,2,2,4,3,1
ID108,1,1,1,1,4,1,4,4,2,1
ID109,1,1,1,1,2,1,4,4,2,2
ID110,1,2,2,1,3,2,2,3,2,2
ID111,1,2,2,1,2,2,2,3,1,1
ID112,2,2,2,3,2,1,2,3,2,2
ID113,1,2,2,1,4,2,4,4,4,1
ID114,2,2,2,2,2,2,2,2,2,2
ID115,1,1,1,1,2,1,3,3,2,2
ID116,1,2,2,2,3,2,3,3,2,2
ID117,2,1,2,1,1,2,2,4,3,1
ID118,2,2,2,2,3,1,2,4,2,1
ID119,1,2,3,1,2,2,2,3,2,1
ID120,1,1,1,1,2,2,2,3,2,2
ID121,1,2,2,2,2,2,2,3,2,1
ID122,1,1,1,1,1,1,1,1,1,1
ID123,1,1,1,2,2,3,3,4,1,1
ID124,1,2,1,1,1,1,1,4,2,1
ID125,2,1,3,1,2,2,2,4,1,2
ID126,1,1,1,1,3,1,3,4,4,1
ID127,1,3,3,1,3,1,3,4,4,1
ID128,2,2,2,2,3,2,2,4,2,2
ID129,2,2,2,1,3,2,2,4,3,2
ID130,1,2,3,1,1,1,2,3,3,1
ID131,1,1,1,1,1,1,1,4,1,1
ID132,2,2,2,2,2,2,2,2,2,2
ID133,1,1,1,1,3,2,2,4,2,1
ID134,1,2,2,2,3,2,2,4,3,2
ID135,1,2,2,1,3,2,2,3,2,2
ID136,1,3,3,1,4,1,3,4,4,1
ID137,2,2,2,2,3,1,2,3,2,2
ID138,2,1,1,2,1,1,1,4,2,1
ID139,1,1,1,1,1,1,1,1,1,1
ID140,1,2,3,1,1,1,2,2,3,1
ID141,1,2,2,1,3,2,2,3,2,2
ID142,1,1,1,1,3,1,2,3,1,1
ID143,1,2,2,2,3,1,3,4,2,2
ID144,1,2,2,2,2,2,2,4,2,2
ID145,2,2,2,1,3,2,1,2,2,2
ID146,2,2,3,2,1,2,2,4,2,1
ID147,2,2,2,2,2,2,2,4,3,1
ID148,1,1,1,1,3,2,2,3,3,1
ID149,2,2,2,3,2,2,2,3,2,2
ID150,1,2,2,2,2,2,2,4,1,2
ID151,1,1,2,2,3,1,2,3,2,1
ID152,1,3,3,1,1,3,3,3,3,1
ID153,1,2,2,1,2,2,1,3,3,1
ID154,1,2,2,1,3,3,3,4,3,1
ID155,1,2,2,1,1,2,2,3,2,1
ID156,1,2,2,1,3,2,3,4,3,1
ID157,1,2,2,2,2,1,2,3,2,1
ID158,1,2,2,1,3,2,2,3,1,2
ID159,1,1,1,1,1,1,1,4,1,1
ID160,1,3,2,1,4,2,2,4,3,1
ID161,1,1,2,1,2,1,1,4,2,2
ID162,1,2,2,2,3,2,2,3,2,1
ID163,1,2,2,1,2,3,4,3,2,2
ID164,2,2,2,2,3,2,3,4,4,2
ID165,2,3,3,2,2,3,3,3,3,2
ID166,1,1,2,1,3,2,1,3,2,1
ID167,2,2,2,2,2,2,2,2,2,2
ID168,2,3,2,3,2,2,2,3,2,2
ID169,2,3,2,3,3,2,2,4,2,1
ID170,1,3,3,2,3,2,2,2,2,3
ID171,1,2,1,2,1,2,1,2,2,2
ID172,2,2,3,2,3,2,2,2,2,2
ID173,1,2,2,1,1,1,1,3,2,1
ID174,2,3,2,3,2,1,2,3,2,1
ID175,1,3,2,1,1,2,3,3,2,2
ID176,1,3,2,2,2,2,3,4,3,2
ID177,1,2,2,2,3,2,2,3,2,2
ID178,1,3,2,1,1,1,2,2,2,1
ID179,1,3,3,1,3,3,3,2,3,2
ID180,2,2,3,2,3,2,2,2,2,2
ID181,1,3,3,2,3,3,3,3,3,1
ID182,1,2,2,2,1,1,2,2,1,1
ID183,1,2,2,2,4,1,3,4,3,2
ID184,1,2,4,1,4,1,2,4,2,1
ID185,2,3,3,3,2,2,2,3,3,2
ID186,2,4,3,2,3,3,3,4,3,2
ID187,1,2,2,1,1,2,2,3,3,1
ID188,3,3,3,1,2,2,2,4,2,1
ID189,2,2,2,1,2,2,2,4,2,1
ID190,1,2,2,1,3,2,2,3,3,2
ID191,1,3,1,1,3,2,2,4,1,2
ID192,2,3,4,2,4,4,4,4,4,1
ID193,1,2,1,1,4,1,1,4,4,1
ID194,1,3,3,1,3,3,3,3,3,1
ID195,2,2,3,1,3,3,4,4,2,2
ID196,2,2,2,1,2,1,1,4,1,1
ID197,1,2,2,2,2,2,3,3,2,1
ID198,1,4,3,2,3,4,2,2,3,1
ID199,1,2,2,1,4,2,4,3,2,1
ID200,2,3,3,2,2,3,3,3,2,2
ID201,1,3,2,2,3,2,3,3,3,2
ID202,1,3,3,1,2,3,2,4,2,2
ID203,2,2,3,3,3,2,1,3,3,1
ID204,1,3,3,1,3,2,3,3,3,1
ID205,1,3,3,2,2,2,3,3,2,2
ID206,1,3,2,2,3,2,2,2,2,2
ID207,1,2,1,1,3,1,2,3,2,1
ID208,1,2,2,2,3,2,2,3,2,2
ID209,2,2,2,2,2,2,2,2,2,2
ID210,1,3,3,2,1,2,3,3,4,1
ID211,1,4,2,1,2,2,3,1,4,1
ID212,2,2,2,2,3,2,3,4,3,2
ID213,1,2,2,1,3,1,3,4,3,1
ID214,1,3,3,1,1,1,1,4,3,1
ID215,1,2,2,1,2,2,2,3,3,1
ID216,1,2,3,2,2,2,2,4,2,2
ID217,1,3,2,2,3,2,1,3,2,2
ID218,1,2,3,3,2,2,2,4,2,1
ID219,1,2,2,3,1,2,2,3,2,1
ID220,1,1,4,1,3,1,2,1,3,1
ID221,1,3,3,1,4,3,4,4,3,1
ID222,2,2,2,3,2,1,2,3,2,1
ID223,2,4,3,3,2,3,2,4,2,2
ID224,1,2,3,4,1,2,1,1,3,2
ID225,1,2,2,1,1,2,2,4,3,1
ID226,2,3,2,2,3,3,3,4,3,2
ID227,2,4,4,2,2,4,3,2,4,1
ID228,2,3,3,3,2,2,2,4,2,2
ID229,1,3,1,1,3,2,1,3,2,1
ID230,2,4,3,2,3,4,4,4,4,2
ID231,2,4,4,3,1,2,2,2,3,2
ID232,1,3,3,2,2,3,2,3,2,2
ID233,1,2,3,2,1,3,3,3,2,1
ID234,2,2,2,2,3,3,2,4,2,1
ID235,2,3,4,3,1,2,1,3,3,1
ID236,1,4,4,4,1,3,4,4,2,1
ID237,1,4,4,3,3,4,2,3,2,1
ID238,2,4,4,4,3,2,1,4,2,1
ID239,1,1,2,2,2,1,1,2,1,1
ID240,2,3,2,2,2,2,2,4,2,2
ID241,1,2,3,2,4,2,2,2,2,1
ID242,2,2,2,1,2,2,2,2,3,2
ID243,1,3,4,2,3,3,2,4,4,1
ID244,2,3,2,4,3,2,3,2,3,1
ID245,1,2,2,1,3,2,3,4,4,1
ID246,1,2,2,2,2,1,2,3,2,2
ID247,2,2,2,2,2,2,2,2,2,2
ID248,1,1,1,1,3,1,3,4,1,1
ID249,2,2,3,3,3,3,2,4,2,1
ID250,1,3,3,1,3,3,2,4,2,1
ID251,1,2,2,4,3,1,2,4,1,1
ID252,1,2,3,2,2,3,3,3,3,1
ID253,2,2,3,3,2,2,2,4,2,2
ID254,2,3,3,2,3,3,3,3,3,2
ID255,1,4,3,2,4,3,2,4,2,2
ID256,1,1,1,1,1,1,1,1,1,1
ID257,2,3,2,2,3,2,2,4,2,1
ID258,1,2,2,1,4,2,3,3,2,1
ID259,1,2,2,1,1,3,3,4,4,2
ID260,1,2,3,2,2,2,2,2,3,2
ID261,1,2,2,3,2,2,3,3,3,1
ID262,2,2,2,3,2,1,2,3,2,1
ID263,1,3,3,2,3,4,4,3,4,1
ID264,1,2,2,1,2,2,2,3,3,1
ID265,2,3,3,3,4,2,2,3,2,1
ID266,1,1,1,1,1,1,1,1,1,1
ID267,2,3,2,1,4,2,3,4,4,1
ID268,1,1,3,3,1,2,4,4,4,1
ID269,1,2,3,1,2,2,2,4,2,1
ID270,2,3,3,3,4,2,2,4,4,1
ID271,1,2,2,2,2,2,2,4,2,1
ID272,1,2,2,1,3,2,2,4,3,1
ID273,1,3,3,1,3,3,3,3,3,2
ID274,1,2,2,3,2,2,1,3,3,1
ID275,1,1,2,3,3,2,1,1,2,1
ID276,1,3,3,2,2,2,3,3,3,1
ID277,2,3,3,3,3,3,2,3,3,3
ID278,1,3,3,3,2,2,2,3,2,2
ID279,1,2,2,3,1,1,2,3,3,1
ID280,2,2,2,2,1,1,2,2,2,2
ID281,1,3,2,3,3,4,4,4,4,1
ID282,1,1,2,1,3,1,2,4,4,2
ID283,1,1,1,1,2,1,3,4,1,1
ID284,1,2,3,3,1,2,3,3,2,2
ID285,2,3,3,2,3,3,2,3,2,2
ID286,1,3,2,1,2,3,3,4,3,1
ID287,2,3,2,2,4,3,2,4,2,2
ID288,1,2,2,1,1,2,2,3,3,1
ID289,1,3,4,3,3,3,3,4,3,1
ID290,1,2,2,1,3,2,2,3,4,2
ID291,1,2,2,3,3,2,2,4,2,2
ID292,1,3,2,3,2,2,2,2,2,2
ID293,1,2,2,2,2,2,2,4,4,2
ID294,1,2,3,3,2,1,2,3,2,1
ID295,1,3,3,2,3,2,3,4,2,2
ID296,1,3,2,1,2,3,2,3,2,1
ID297,1,4,4,2,2,3,2,3,4,1
ID298,1,1,1,2,2,2,2,3,1,1
ID299,1,4,3,2,3,4,2,3,2,1
ID300,1,2,3,2,2,1,4,3,3,1
ID301,1,2,3,1,2,3,2,3,3,1
ID302,2,4,4,1,2,2,1,3,2,2
ID303,1,2,1,1,1,2,3,4,3,1
ID304,2,2,2,2,3,2,2,4,4,2
ID305,2,2,3,1,3,2,2,3,2,2
ID306,1,3,3,2,2,2,2,3,3,2
ID307,1,3,2,2,3,3,2,4,3,2
ID308,1,3,3,1,2,3,3,4,3,2
ID309,1,4,2,1,3,4,4,4,4,1
ID310,1,2,2,2,3,2,2,4,2,1
ID311,2,3,3,1,3,3,2,3,2,2
ID312,1,2,2,2,1,2,1,4,1,2
ID313,1,3,2,3,2,2,2,4,2,2
ID314,1,2,2,1,3,2,3,3,3,1
ID315,1,2,2,1,1,1,1,3,1,1
ID316,2,3,3,2,3,3,2,4,3,1
ID317,1,1,2,1,3,1,1,4,3,1
ID318,1,3,3,1,3,3,4,4,3,2
ID319,1,2,2,2,2,1,2,1,2,2
ID320,1,2,3,3,3,2,3,3,3,2
ID321,1,1,2,3,4,1,2,4,3,2
ID322,1,2,2,4,1,1,1,3,1,2
ID323,1,2,3,2,3,2,2,3,2,1
ID324,1,2,4,4,2,1,1,4,3,1
ID325,2,3,3,2,3,3,2,2,3,2
ID326,1,2,2,2,3,2,2,3,2,2
ID327,1,2,2,2,1,3,1,3,2,1
ID328,1,2,3,1,3,3,4,4,4,2
ID329,1,3,3,3,2,3,3,3,4,2
ID330,2,3,3,2,3,2,2,2,2,2
ID331,1,2,2,3,3,1,2,2,1,1
ID332,1,2,3,2,3,2,2,3,2,2
ID333,1,2,2,1,4,2,2,3,4,2
ID334,1,2,1,2,1,2,4,3,2,2
ID335,2,3,3,2,2,3,3,3,3,2
ID336,1,2,2,1,2,2,2,4,3,2
ID337,1,2,1,4,2,1,1,4,2,1
ID338,1,2,2,1,2,2,3,4,2,1
ID339,1,2,2,1,4,2,2,4,4,1
ID340,1,3,2,3,2,1,1,3,2,2
ID341,2,2,2,1,2,2,2,3,2,2
ID342,1,3,3,1,2,2,1,1,1,1
ID343,1,1,1,1,3,1,2,4,4,1
ID344,1,2,2,3,2,1,2,2,2,1
ID345,1,3,2,2,2,2,2,3,2,1
ID346,2,3,4,3,3,2,2,3,3,2
ID347,1,2,2,1,4,3,2,4,2,1
ID348,2,3,2,1,3,2,3,4,3,2
ID349,1,3,3,1,3,3,3,4,4,2
ID350,1,3,2,1,3,2,3,4,2,2
ID351,2,2,2,2,2,1,2,3,2,2
ID352,1,1,1,1,4,1,2,3,2,1
ID353,1,3,3,1,2,2,2,3,2,2
ID354,2,3,3,1,2,3,2,3,2,2
ID355,1,2,2,2,2,2,2,3,2,1
ID356,1,1,1,1,3,1,1,3,1,1
ID357,2,2,2,2,3,2,2,4,2,2
ID358,1,2,2,2,4,2,3,4,3,1
ID359,1,1,2,1,3,2,2,3,3,2
ID360,2,3,3,1,2,2,2,3,3,2
ID361,2,2,2,2,3,2,2,3,3,2
ID362,1,3,3,3,3,3,2,2,3,2
ID363,1,2,3,1,4,2,2,4,3,1
ID364,1,2,1,3,4,1,2,4,3,1
ID365,1,4,4,1,3,3,3,3,3,2
ID366,2,2,3,3,3,2,2,3,3,2
ID367,1,2,2,2,3,2,3,4,2,2
ID368,2,3,3,3,3,3,1,2,3,2
ID369,2,2,2,3,2,2,2,3,2,2
ID370,1,3,2,1,4,3,4,4,2,1
ID371,1,1,1,1,1,1,1,3,2,1
ID372,2,2,2,2,3,2,2,4,3,2
ID373,2,2,2,2,2,2,1,4,4,1
ID374,1,3,2,2,2,2,1,4,3,2
ID375,1,3,3,1,3,3,2,3,2,1
ID376,1,2,2,1,3,3,3,3,4,1
ID377,1,1,1,1,3,1,1,3,2,1
ID378,2,2,3,2,3,1,3,4,3,1
ID379,1,3,3,3,3,2,2,3,3,2
ID380,1,1,1,1,4,1,3,3,2,1
ID381,2,1,2,3,3,3,2,3,3,2
ID382,1,3,3,3,1,1,1,3,1,1
ID383,1,3,2,1,3,2,2,4,2,1
ID384,2,2,2,1,2,2,2,4,2,1
ID385,1,2,2,1,2,1,1,3,1,1
ID386,1,2,1,2,1,1,1,2,1,1
ID387,2,2,2,2,2,2,1,3,3,1
ID388,1,3,3,3,2,3,2,3,3,2
ID389,2,2,1,3,3,3,2,4,2,2
ID390,2,1,2,2,3,2,4,4,3,1
ID391,1,3,3,2,3,2,2,3,3,2
ID392,2,3,3,1,3,3,2,3,3,2
ID393,1,3,3,1,3,1,1,3,1,1
ID394,1,3,3,3,3,3,3,3,3,2
ID395,1,3,2,3,3,2,4,4,4,1
ID396,1,3,3,3,2,3,2,2,3,2
ID397,2,2,2,3,3,2,2,3,2,2
ID398,1,4,4,3,4,4,3,4,3,1
ID399,1,3,2,1,3,3,3,3,2,1
ID400,2,2,2,2,3,2,2,4,2,2
ID401,2,3,3,2,3,2,3,2,4,3
ID402,2,2,2,3,2,2,2,3,2,2
ID403,1,1,1,2,1,1,2,3,2,1
ID404,2,2,1,3,3,2,2,4,2,2
ID405,1,2,3,1,4,2,2,4,1,1
ID406,1,2,2,3,2,2,2,3,3,2
ID407,2,1,2,3,2,2,1,3,1,1
ID408,1,3,2,2,3,2,3,4,3,3
ID409,1,3,3,1,3,3,3,4,3,1
ID410,1,3,3,1,2,3,2,3,4,2
ID411,1,3,2,3,3,1,1,3,3,3
ID412,1,2,3,1,4,2,2,4,3,2
ID413,1,2,2,1,3,2,2,2,2,2
ID414,1,3,3,1,3,2,2,4,1,1
ID415,1,2,3,1,3,2,2,3,2,2
ID416,1,2,1,1,3,2,2,3,2,1
ID417,1,2,2,1,3,2,2,3,3,2
ID418,1,2,3,3,3,3,2,4,3,1
ID419,2,3,4,3,2,3,2,3,3,2
ID420,1,1,2,3,3,1,1,3,2,2
ID421,2,2,2,2,2,1,1,4,4,2
ID422,1,2,2,4,1,1,1,3,1,2
ID423,1,2,2,1,3,2,2,4,3,1
ID424,2,2,2,2,1,3,3,3,4,2
ID425,2,3,2,2,2,3,2,3,2,2
ID426,1,3,2,1,1,3,3,3,2,2
ID427,2,2,3,4,3,1,3,3,3,2
ID428,1,2,1,2,3,3,2,3,2,1
ID429,2,3,2,2,3,3,2,4,4,2
ID430,2,1,2,2,2,2,2,3,3,2
ID431,1,2,2,2,3,2,2,4,1,1
ID432,1,4,3,1,3,3,4,4,4,1
ID433,1,2,2,2,3,1,3,4,3,1
ID434,1,3,3,3,1,3,3,2,3,2
ID435,2,2,2,2,3,2,2,4,4,2
ID436,1,3,2,1,2,1,1,4,2,1
ID437,1,2,2,2,2,2,2,4,2,2
ID438,1,3,2,2,3,2,3,4,3,1
ID439,1,4,4,3,1,3,3,4,4,2
ID440,1,2,3,4,2,1,3,2,1,3
ID441,2,3,3,1,2,2,2,3,2,2
ID442,1,2,2,3,3,2,1,3,2,2
ID443,1,2,2,3,2,2,3,3,1,2
ID444,2,2,2,3,2,2,3,2,3,3
ID445,1,2,2,1,4,2,2,3,2,1
ID446,1,3,3,1,3,3,3,4,3,1
ID447,2,2,3,3,3,2,2,3,2,2
ID448,1,3,3,1,3,2,2,3,3,2
ID449,1,4,4,3,3,3,4,2,4,3
ID450,1,2,2,3,2,1,2,2,2,2
ID451,1,3,4,1,4,3,4,4,4,2
ID452,2,3,3,3,3,3,2,3,2,2
ID453,2,2,2,2,2,2,2,3,2,1
ID454,1,3,3,2,2,3,2,4,3,1
ID455,1,3,2,2,2,3,2,2,3,2
ID456,1,2,3,1,3,3,3,3,2,2
ID457,1,2,2,1,2,2,2,3,3,1
ID458,1,3,1,1,4,4,3,3,2,2
ID459,1,2,3,1,2,2,2,3,2,1
ID460,1,2,2,2,2,1,2,4,3,1
ID461,1,3,3,3,2,3,3,3,3,2
ID462,1,1,2,3,3,2,2,3,1,1
ID463,2,3,2,1,2,2,2,3,2,1
ID464,1,3,3,3,2,2,2,2,2,2
ID465,1,3,2,2,2,2,2,4,2,2
ID466,2,2,2,1,2,2,2,3,2,1
ID467,1,2,2,1,3,2,2,3,2,1
ID468,1,3,3,1,3,2,2,4,4,1
ID469,2,3,3,2,3,3,3,3,2,2
ID470,2,2,2,3,2,2,2,3,2,2
ID471,2,3,2,3,3,2,2,1,2,2
ID472,1,3,3,1,4,2,4,3,3,2
ID473,1,3,4,3,1,3,4,4,3,2
ID474,1,2,4,3,4,2,1,3,2,1
ID475,1,3,3,1,3,3,2,3,3,2
ID476,1,2,2,1,3,2,2,3,2,2
ID477,1,2,2,3,3,2,2,4,2,2
ID478,2,2,2,2,4,2,2,3,2,1
ID479,1,2,2,2,3,3,2,3,3,1
ID480,2,3,2,2,2,2,2,2,3,2
ID481,1,3,2,2,3,2,2,3,3,1
ID482,2,3,2,2,2,2,3,3,3,2
ID483,1,3,3,3,1,2,2,4,1,1
ID484,2,2,2,1,3,2,2,3,2,2
ID485,2,4,4,2,3,3,3,4,4,2
ID486,2,2,2,2,3,3,3,2,3,2
ID487,1,2,2,3,2,2,1,3,1,1
ID488,2,3,2,3,2,3,2,3,2,2
ID489,1,2,3,1,2,2,3,4,2,1
ID490,2,4,4,3,3,3,3,3,3,2
ID491,1,3,2,2,1,1,2,3,3,2
ID492,1,3,3,4,3,2,3,4,2,2
ID493,1,3,3,1,4,3,3,4,4,1
ID494,2,3,3,2,3,3,3,2,2,2
ID495,1,3,3,2,3,3,3,4,2,2
ID496,1,2,2,1,3,2,3,4,2,1
ID497,2,3,2,3,3,3,2,4,3,2
ID498,1,3,3,2,3,3,3,3,4,2
ID499,2,4,4,2,2,4,2,3,3,2
ID500,2,2,2,1,4,2,2,4,2,2
ID501,1,3,3,3,4,2,3,3,3,1
ID502,1,4,4,1,1,3,4,3,2,2
ID503,1,1,2,1,4,1,2,2,2,1
ID504,1,3,2,2,2,2,2,4,2,1
ID505,1,2,2,1,4,1,3,4,3,1
ID506,1,2,2,2,3,2,2,2,2,2
ID507,2,2,3,2,2,2,2,3,3,1
ID508,1,1,3,3,2,2,2,3,2,2
ID509,1,4,2,3,2,2,2,3,3,2
ID510,2,4,4,3,2,4,4,3,3,2
ID511,1,2,2,2,2,1,2,4,3,1
ID512,1,2,2,1,2,2,2,4,3,1
ID513,1,1,2,1,2,2,2,2,2,1
ID514,1,2,1,1,1,1,1,2,2,1
ID515,2,3,2,3,2,2,4,2,3,2
ID516,1,2,2,2,4,2,2,3,2,1
ID517,2,3,3,2,3,3,3,4,3,2
ID518,2,3,3,1,3,2,3,4,3,1
ID519,1,2,1,3,3,2,1,4,2,1
ID520,1,3,3,4,1,2,2,3,3,1
ID521,1,3,2,2,4,3,3,4,2,2
ID522,1,2,2,2,3,1,2,4,2,1
ID523,1,4,2,2,3,2,1,3,3,2
ID524,1,1,1,1,1,1,1,1,1,1
ID525,1,2,2,1,3,2,2,4,2,1
ID526,1,4,3,3,3,4,3,3,4,2
ID527,2,2,2,3,2,2,1,3,1,2
ID528,1,2,2,2,3,1,2,2,2,1
ID529,2,2,2,2,4,2,2,4,2,1
ID530,2,2,2,1,3,1,2,3,2,1
ID531,1,1,1,2,2,2,2,2,2,2
ID532,1,4,4,1,2,3,4,1,2,2
ID533,1,2,1,1,3,1,2,4,3,1
ID534,2,2,2,2,2,2,2,3,2,1
ID535,1,1,1,1,4,1,3,4,1,1
ID536,1,1,1,3,1,1,2,2,1,1
ID537,2,2,2,2,2,2,2,2,2,2
ID538,1,4,4,4,2,4,4,4,2,2
ID539,1,3,3,1,4,3,2,4,4,1
ID540,1,4,4,2,2,2,2,3,2,2
ID541,1,2,3,1,4,2,2,4,2,1
ID542,1,3,3,3,3,4,4,3,4,3
ID543,2,3,3,1,3,2,2,3,3,2
ID544,1,3,4,3,4,2,3,4,4,2
ID545,1,3,2,1,3,3,3,2,3,1
ID546,1,2,2,2,2,2,2,3,2,2
ID547,1,2,2,1,3,2,2,2,2,1
ID548,1,2,2,2,1,3,3,2,3,2
ID549,2,4,2,3,2,3,2,3,3,2
ID550,2,4,2,2,2,2,2,3,3,2
ID551,2,3,3,2,3,3,2,3,3,2
ID552,1,3,3,2,4,3,2,4,3,1
ID553,1,3,3,3,2,2,3,3,3,2
ID554,2,4,4,3,2,3,2,4,1,1
ID555,1,3,3,2,2,3,2,3,3,2
ID556,1,3,3,2,3,3,2,4,4,2
ID557,1,2,2,1,1,1,2,3,1,1
ID558,1,2,3,1,2,2,3,3,2,1
ID559,2,4,4,4,3,4,3,3,3,1
ID560,1,3,3,2,2,3,3,4,4,2
ID561,2,3,3,2,3,3,3,3,3,2
ID562,1,2,2,3,1,2,2,3,2,1
ID563,1,2,3,3,2,3,1,3,2,2
ID564,2,2,2,2,2,1,2,4,2,1
ID565,1,2,1,1,1,1,2,1,1,1
ID566,1,2,3,3,3,2,3,3,3,1
ID567,2,2,2,2,4,2,2,4,3,2
ID568,1,3,3,2,3,2,3,3,3,2
ID569,1,3,3,2,3,2,3,3,3,1
ID570,1,3,3,1,2,2,3,4,2,1
ID571,2,2,3,3,2,3,4,3,4,1
ID572,1,3,3,1,1,4,2,4,4,1
ID573,2,3,2,4,2,2,2,4,1,2
ID574,1,2,2,2,2,3,2,3,2,2
ID575,1,3,3,3,2,3,2,3,4,2
ID576,1,3,3,1,3,4,4,3,4,1
ID577,1,2,2,3,2,2,3,3,2,2
ID578,1,4,2,2,3,2,3,3,3,1
ID579,1,3,2,2,2,2,2,4,3,2
ID580,1,4,3,1,4,2,2,4,2,1
ID581,2,2,3,4,2,3,2,3,2,2
ID582,1,3,3,2,3,3,2,3,3,2
ID583,1,3,3,3,3,3,4,4,3,1
ID584,2,4,4,2,4,4,4,4,4,2
ID585,2,3,2,2,2,3,2,3,2,2
ID586,1,3,2,3,2,2,3,4,2,2
ID587,2,2,2,2,3,2,3,4,3,2
ID588,1,3,2,1,3,2,2,3,3,2
ID589,1,2,3,1,3,2,2,3,2,1
ID590,1,2,1,2,2,1,2,2,2,1
ID591,1,3,2,3,3,1,1,3,1,1
ID592,1,2,2,1,4,2,2,4,3,1
ID593,2,2,3,2,2,2,2,4,2,2
ID594,2,2,2,1,3,2,3,4,3,1
ID595,1,1,1,1,1,1,1,3,2,1
ID596,1,2,2,2,2,2,2,4,2,2
ID597,1,2,2,2,3,2,2,2,2,2
ID598,1,3,2,2,3,3,2,1,3,2
ID599,1,2,2,1,4,1,3,2,1,1
ID600,1,2,2,3,2,2,1,3,2,2
ID601,2,3,3,2,3,3,2,4,3,2
ID602,1,2,2,2,1,1,2,2,2,2
ID603,1,4,4,2,4,3,2,4,4,2
ID604,1,3,3,1,2,1,2,3,2,1
ID605,1,3,3,2,3,2,2,3,3,2
ID606,1,3,3,2,3,3,3,3,2,1
ID607,1,4,3,1,3,3,2,3,3,2
ID608,2,3,2,2,2,3,2,4,3,1
ID609,2,3,4,2,3,3,3,4,2,2
ID610,1,3,1,2,2,3,2,2,3,1
ID611,2,3,2,1,3,2,3,3,3,2
ID612,2,3,3,3,2,3,3,3,3,2
ID613,2,3,3,1,2,3,2,3,3,1
ID614,1,2,3,1,3,3,3,3,3,2
ID615,1,3,2,2,3,3,3,3,3,2
ID616,2,3,3,1,2,3,2,2,2,1
ID617,1,2,3,1,3,3,3,4,2,1
ID618,2,3,3,2,3,1,2,3,3,2
ID619,1,3,3,1,3,3,2,3,3,1
ID620,1,2,2,1,4,3,4,4,3,2
ID621,1,3,3,2,3,2,2,3,2,1
ID622,2,2,2,1,3,1,2,3,2,1
ID623,1,1,1,3,3,1,1,2,1,1
ID624,2,2,1,2,3,3,3,3,3,1
ID625,1,1,2,1,3,2,3,4,3,1
ID626,1,2,3,3,3,2,3,4,3,1
ID627,1,2,2,1,4,3,4,3,4,1
ID628,2,2,2,1,4,2,3,4,4,1
ID629,1,2,2,2,3,2,2,2,1,1
ID630,2,4,4,3,2,2,3,4,3,2
ID631,2,2,3,2,3,1,1,3,1,1
ID632,1,2,2,2,1,2,2,4,3,2
ID633,1,3,2,1,3,2,2,4,3,2
ID634,1,3,2,1,1,2,3,3,3,1
ID635,2,3,2,2,3,2,3,4,3,2
ID636,2,2,3,2,3,2,3,3,3,2
ID637,2,2,3,2,3,2,3,4,3,1
ID638,2,3,4,2,3,4,4,3,4,2
ID639,1,1,1,2,3,2,2,4,3,2
ID640,1,2,2,2,3,2,2,4,3,1
ID641,1,3,3,2,2,2,2,3,2,2
ID642,1,2,2,1,4,2,2,4,2,2
ID643,1,1,1,3,3,1,1,3,3,2
ID644,1,2,1,3,4,2,2,3,1,1
ID645,1,3,3,1,2,3,1,4,3,2
ID646,1,2,3,1,3,1,2,4,3,1
ID647,1,3,3,1,4,3,1,4,4,1
ID648,2,2,2,1,4,2,2,3,2,1
ID649,1,3,2,1,2,2,3,3,3,2
ID650,2,3,3,2,4,2,4,4,3,1
ID651,1,2,2,2,1,2,2,4,4,1
ID652,1,3,3,2,3,2,3,4,4,1
ID653,2,2,2,1,2,2,2,3,3,1
ID654,2,2,3,1,3,2,3,4,3,1
ID655,2,3,4,1,3,2,3,3,3,1
ID656,1,3,3,1,4,1,2,2,4,1
ID657,1,2,2,1,3,2,2,4,4,1
ID658,2,3,3,3,3,2,2,3,4,2
ID659,2,2,3,1,2,2,2,4,4,1
ID660,2,3,2,2,3,3,2,4,2,1
ID661,2,2,3,2,3,3,3,3,3,2
ID662,1,3,2,2,3,2,3,4,4,1
ID663,2,4,4,4,2,4,4,4,4,4
ID664,2,3,4,1,4,4,2,4,3,2
ID665,1,3,3,2,2,3,2,3,3,1
ID666,1,1,1,1,4,1,1,4,1,1
ID667,1,2,2,2,3,2,3,3,3,2
ID668,1,3,3,3,3,3,2,3,2,2
ID669,1,2,2,1,3,1,2,3,2,1
ID670,2,2,2,1,3,2,3,3,1,1
ID671,2,3,4,3,2,2,3,4,3,1
ID672,1,2,2,2,2,2,2,3,2,2
ID673,1,1,1,1,1,1,3,3,2,1
ID674,1,2,2,1,2,2,2,3,2,2
ID675,1,3,2,1,2,2,3,3,4,2
ID676,2,2,2,2,3,2,2,4,2,1
ID677,2,2,2,2,3,2,2,3,2,2
ID678,1,1,2,2,2,1,3,4,2,1
ID679,2,2,2,2,2,2,2,2,2,2
ID680,1,2,3,1,4,2,2,4,3,2
ID681,2,1,2,1,3,1,2,3,2,2
ID682,1,2,3,1,4,2,3,4,3,1
ID683,2,2,2,2,3,2,2,3,3,2
ID684,1,2,3,2,3,2,3,4,3,2
ID685,2,4,3,2,4,4,4,3,4,2
ID686,2,3,3,2,3,3,2,3,3,2
ID687,1,2,3,3,3,2,3,4,1,1
ID688,1,3,1,1,3,1,1,3,3,1
ID689,1,3,2,2,3,2,2,3,3,2
ID690,1,3,3,1,4,2,1,4,2,1
ID691,2,3,3,1,3,3,3,4,4,2
ID692,2,3,2,2,3,3,2,3,3,2
ID693,2,3,4,1,4,3,3,3,2,3
ID694,1,2,4,1,3,1,2,4,1,1
ID695,1,2,3,1,3,1,2,4,2,1
ID696,1,2,1,1,4,2,2,3,3,2
ID697,1,3,4,2,2,4,4,4,4,1
ID698,2,1,2,2,3,1,2,4,3,1
ID699,1,2,2,3,4,1,2,4,3,1
ID700,1,3,2,3,2,2,3,4,2,2
ID701,1,2,1,2,2,2,3,4,2,1
ID702,1,2,3,3,3,2,2,4,3,1
ID703,1,2,2,3,4,2,2,4,2,1
ID704,1,2,3,4,1,1,2,3,1,2
ID705,1,3,3,1,3,1,1,4,3,1
ID706,1,3,3,2,3,2,2,3,4,1
ID707,1,4,3,3,4,1,2,3,2,2
ID708,1,1,1,1,3,1,3,4,2,1
ID709,2,2,2,2,4,3,2,4,2,2
ID710,1,2,2,1,3,2,1,4,2,2
ID711,2,3,3,2,3,2,3,4,3,3
ID712,1,3,2,1,1,2,2,4,4,1
ID713,1,4,4,1,3,3,3,3,3,2
ID714,1,3,4,4,3,4,4,4,2,1
ID715,2,3,3,1,3,2,2,3,3,1
ID716,2,3,2,1,3,2,2,2,2,1
ID717,2,3,2,2,2,3,2,4,2,2
ID718,1,3,3,1,2,3,3,4,3,1
ID719,2,3,3,3,3,3,3,3,2,3
ID720,1,3,3,1,1,2,3,4,3,1
ID721,1,2,2,4,2,1,1,3,3,2
ID722,1,3,3,1,3,2,3,4,3,1
ID723,1,2,2,2,2,2,2,2,2,2
ID724,1,3,3,1,4,2,3,4,4,1
ID725,1,3,3,1,3,3,3,3,3,1
ID726,1,3,3,1,4,2,3,4,4,2
ID727,2,2,3,1,3,2,2,3,2,2
ID728,1,2,2,2,3,2,2,4,2,1
ID729,1,4,3,3,3,2,3,3,4,1
ID730,1,2,3,1,4,1,2,3,2,2
ID731,2,2,2,1,2,2,3,3,2,2
ID732,1,3,3,3,2,1,3,4,2,2
ID733,1,1,2,1,3,2,2,4,2,1
ID734,1,3,3,3,2,3,1,3,3,2
ID735,1,3,3,3,2,2,3,4,2,2
ID736,1,2,3,2,4,1,1,4,4,1
ID737,2,2,2,2,1,1,1,2,3,1
ID738,1,3,4,1,2,4,4,4,4,2
ID739,1,2,2,2,3,2,2,3,2,2
ID740,1,3,3,1,3,2,3,4,3,2
ID741,2,2,2,2,2,2,2,4,2,2
ID742,2,2,2,2,3,1,2,4,3,1
ID743,2,2,2,4,3,1,1,4,3,2
ID744,1,2,2,1,3,2,1,4,3,1
ID745,1,2,1,3,3,1,1,3,1,1
ID746,1,3,3,1,3,2,2,4,3,1
ID747,1,1,2,2,2,1,2,4,2,1
ID748,2,2,2,2,2,2,2,2,2,2
ID749,2,3,3,2,2,3,3,4,3,3
ID750,1,1,1,3,3,1,1,4,1,1
ID751,1,1,1,1,3,1,3,4,4,1
ID752,2,2,2,2,3,2,2,3,3,2
ID753,1,2,2,2,1,1,3,2,1,1
ID754,1,2,2,1,3,3,3,4,3,1
ID755,2,2,2,1,4,2,3,4,4,2
ID756,1,3,2,2,4,2,2,4,3,2
ID757,2,2,2,1,3,2,2,3,3,2
ID758,2,2,2,2,3,2,2,3,2,2
ID759,1,2,2,3,2,2,2,4,3,1
ID760,1,2,3,2,2,2,2,3,2,2
ID761,3,3,3,1,3,3,3,3,3,2
ID762,2,3,3,1,3,3,3,3,3,2
ID763,1,2,2,2,2,2,2,4,3,2
ID764,1,1,1,3,1,1,1,3,1,1
ID765,2,3,2,2,3,2,2,3,3,2
ID766,1,2,2,2,3,1,2,3,2,1
ID767,1,2,2,1,4,2,3,3,2,2
ID768,1,2,2,3,3,3,3,3,3,2
ID769,1,3,2,1,2,3,2,2,3,2
ID770,2,2,2,1,3,2,3,3,3,1
ID771,2,2,2,3,1,1,1,4,2,1
ID772,2,2,2,2,3,2,2,4,3,1
ID773,1,2,2,3,3,3,1,3,3,1
ID774,1,3,4,2,2,2,1,1,4,2
ID775,1,2,2,2,2,1,2,3,3,2
ID776,2,3,2,1,3,2,1,4,3,1
ID777,1,4,3,3,3,1,2,4,2,1
ID778,1,1,1,2,2,1,1,4,2,2
ID779,1,1,1,4,1,1,1,1,1,1
ID780,1,3,3,2,1,3,4,4,4,1
ID781,1,2,2,2,2,1,1,3,2,1
ID782,2,2,1,1,3,1,2,2,1,2
ID783,2,2,2,1,3,2,2,4,2,2
ID784,2,3,3,3,3,3,3,3,3,3
ID785,1,3,3,1,2,3,3,4,2,2
ID786,1,2,2,1,2,2,1,4,2,1
ID787,1,2,2,1,2,2,2,4,3,1
ID788,1,2,2,2,2,2,1,4,2,2
ID789,1,4,3,3,3,2,4,4,2,1
ID790,1,2,3,2,1,3,3,4,3,1
ID791,1,1,2,1,3,2,1,3,1,1
ID792,1,2,2,1,4,2,2,2,4,1
ID793,1,2,3,2,3,2,2,3,3,1
ID794,2,2,2,2,2,2,2,4,2,1
ID795,1,2,2,3,3,1,2,4,3,1
ID796,1,3,2,1,3,3,2,4,2,1
ID797,1,2,2,1,3,1,4,4,1,3
ID798,1,2,1,2,1,1,1,4,2,1
ID799,1,3,3,1,3,1,3,4,4,1
ID800,2,1,1,1,4,2,2,4,3,2
ID801,1,2,3,1,3,2,2,3,2,1
ID802,2,2,2,3,2,2,1,3,3,1
ID803,1,1,1,2,2,1,1,4,2,1
ID804,1,2,2,1,4,1,1,4,3,1
ID805,2,2,3,3,3,2,2,3,2,2
ID806,2,1,3,2,2,2,1,4,2,2
ID807,1,2,2,1,3,1,1,4,3,1
ID808,1,2,3,2,3,1,1,4,3,1
ID809,2,2,3,1,3,2,2,4,2,1
ID810,2,1,2,1,2,1,1,3,1,1
ID811,2,3,1,3,3,2,2,4,2,2
ID812,2,2,3,3,2,2,3,2,2,2
ID813,1,2,3,1,2,1,1,4,3,1
ID814,1,2,2,2,3,2,1,4,3,1
ID815,1,1,2,3,2,1,1,4,1,1
ID816,1,3,2,3,3,3,2,3,2,2
ID817,1,3,2,3,2,2,4,3,4,2
ID818,1,3,2,3,3,2,2,4,3,2
ID819,1,3,3,2,2,2,2,4,2,1
ID820,1,1,2,2,3,1,1,3,2,1
ID821,2,2,2,2,2,2,3,3,3,2
ID822,1,2,2,3,3,2,2,3,2,2
ID823,1,2,3,1,3,2,2,3,3,1
ID824,1,2,2,1,3,2,3,3,3,2
ID825,1,2,2,3,2,2,2,2,3,2
ID826,2,2,2,2,3,2,2,3,3,2
ID827,1,3,3,2,1,2,2,3,2,2
ID828,1,3,3,2,3,2,2,4,3,2
ID829,1,2,1,1,3,1,3,4,2,1
ID830,1,3,2,2,3,3,3,3,2,2
ID831,1,2,2,1,3,1,2,3,2,2
ID832,1,2,3,2,2,3,1,4,2,2
ID833,1,3,3,2,3,3,2,3,1,2
ID834,1,3,3,2,3,3,3,3,3,3
ID835,1,2,2,1,3,1,2,4,2,1
ID836,2,3,3,2,3,3,2,3,3,2
ID837,1,2,2,2,2,1,1,3,3,1
ID838,1,2,2,1,3,2,3,4,2,1
ID839,1,4,4,3,1,4,3,4,2,1
ID840,1,1,1,1,4,1,1,4,1,1
ID841,1,3,3,1,4,2,2,4,2,1
ID842,2,3,2,2,3,3,2,4,2,1
ID843,2,2,2,3,3,3,2,4,3,2
ID844,1,2,3,2,2,2,1,4,2,1
ID845,2,2,2,2,3,2,2,3,2,2
ID846,1,2,3,2,2,2,3,4,3,1
ID847,1,2,1,1,3,2,2,4,4,1
ID848,1,1,2,2,2,1,2,3,2,1
ID849,1,3,4,3,2,2,1,4,3,1
ID850,2,2,2,1,2,3,3,2,2,2
ID851,2,2,2,2,3,2,2,3,2,2
ID852,2,3,1,4,2,1,2,4,1,1
ID853,2,2,2,3,3,2,2,3,3,1
ID854,2,3,3,2,3,3,3,3,2,2
ID855,1,3,3,1,2,3,2,3,3,1
ID856,1,1,1,2,3,2,2,4,2,1
ID857,1,2,2,1,2,2,2,3,3,1
ID858,2,2,2,2,2,2,3,3,3,2
ID859,1,4,4,1,1,3,3,4,4,2
ID860,1,2,2,3,2,2,3,3,2,2
ID861,1,3,3,1,4,3,2,3,3,1
ID862,1,4,2,1,4,1,4,4,4,1
ID863,1,3,3,1,4,2,3,4,4,2
ID864,1,2,2,2,2,2,2,4,3,2
ID865,1,3,3,1,3,2,3,3,3,1
ID866,1,3,4,2,3,2,2,4,3,2
ID867,1,2,2,1,3,1,3,3,3,1
ID868,1,3,4,3,3,4,3,4,2,1
ID869,1,2,2,3,1,3,2,4,1,1
ID870,1,2,2,2,3,2,1,3,2,1
ID871,1,2,2,2,3,2,2,3,2,2
ID872,2,2,2,2,2,2,2,2,2,2
ID873,1,3,3,1,3,1,1,4,3,1
ID874,1,3,3,2,4,3,2,4,2,1
ID875,2,3,1,2,3,2,3,2,3,3
ID876,2,3,3,1,3,2,3,3,2,2
ID877,2,3,2,1,3,2,2,3,3,2
ID878,1,4,3,2,3,3,3,3,4,1
ID879,2,3,3,2,2,2,1,4,2,2
ID880,1,2,2,2,3,1,2,3,2,1
ID881,1,4,3,3,2,2,4,4,3,2
ID882,1,3,3,2,2,2,2,4,4,1
ID883,1,2,2,2,3,2,2,3,1,1
ID884,2,3,3,1,1,2,2,4,4,2
ID885,2,3,3,2,2,2,3,4,4,2
ID886,1,3,3,2,3,3,3,4,3,1
ID887,1,2,2,1,3,1,1,3,3,2
ID888,1,2,2,1,4,3,2,4,2,1
ID889,1,2,3,2,1,2,2,3,4,2
ID890,1,3,3,3,2,2,3,4,2,2
ID891,2,2,2,1,3,2,2,4,3,2
ID892,1,2,2,1,3,3,4,3,3,2
ID893,1,2,2,3,2,2,3,3,2,3
ID894,1,3,2,1,4,2,3,4,3,1
ID895,1,2,2,1,3,2,4,3,2,2
ID896,1,3,2,1,3,3,1,4,4,2
ID897,1,1,3,1,3,2,1,4,2,1
ID898,2,3,2,2,1,2,2,4,3,2
ID899,2,2,3,2,3,1,2,3,3,2
ID900,1,3,2,2,2,3,2,4,3,2
ID901,1,2,2,1,4,1,3,4,2,1
ID902,2,2,3,1,3,2,2,3,2,2
ID903,1,2,3,2,3,2,2,3,2,2
ID904,1,3,3,3,2,3,2,2,3,1
ID905,2,3,2,1,2,3,2,4,3,1
ID906,2,3,1,3,2,1,1,3,2,1
ID907,1,4,2,1,3,2,3,3,2,2
ID908,1,2,2,2,3,2,2,3,2,1
ID909,1,2,3,2,2,2,3,4,2,1
ID910,1,2,2,1,2,2,2,3,2,2
ID911,2,2,3,3,1,1,2,4,2,2
ID912,1,2,3,2,2,2,2,4,3,2
ID913,2,3,3,2,3,3,3,4,3,2
ID914,1,2,2,2,3,2,1,3,2,1
ID915,1,3,2,1,2,2,2,3,3,2
ID916,2,3,3,2,2,3,3,3,3,2
ID917,1,2,3,2,2,2,3,3,2,2
ID918,2,2,2,2,2,2,2,3,2,2
ID919,1,1,1,2,2,1,3,4,1,1
ID920,1,3,1,3,1,1,3,3,1,1
ID921,1,2,3,3,2,1,4,4,4,1
ID922,1,2,3,1,3,2,2,4,2,1
ID923,2,2,3,2,4,1,1,3,2,2
ID924,1,2,2,1,4,2,2,4,1,2
ID925,1,3,2,2,3,2,2,3,2,2
ID926,1,2,3,3,3,2,3,4,4,1
ID927,1,2,1,1,4,1,1,4,3,1
ID928,2,3,2,1,2,2,1,3,1,1
ID929,1,1,1,1,1,1,1,3,2,1
ID930,1,2,2,1,3,4,4,4,4,1
ID931,1,4,4,2,2,3,3,2,3,2
ID932,1,2,3,2,1,2,3,2,3,2
ID933,1,3,3,3,3,2,3,3,2,1
ID934,1,2,2,2,2,2,2,4,1,1
ID935,2,2,1,3,3,2,2,3,2,1
ID936,1,4,4,3,4,4,3,4,4,2
ID937,1,3,2,1,3,3,1,3,3,1
ID938,1,3,2,2,3,1,3,4,3,2
ID939,1,4,3,3,3,3,3,4,3,2
ID940,1,3,4,3,2,3,2,3,3,1
ID941,1,2,3,1,1,3,3,3,3,1
ID942,1,3,1,1,2,1,2,4,4,2
ID943,2,2,1,2,2,2,2,2,2,1
ID944,2,2,2,2,1,2,2,4,2,2
ID945,1,2,2,1,3,2,2,3,3,1
ID946,1,4,3,1,3,3,3,4,3,1
ID947,2,4,4,1,3,3,3,3,3,2
ID948,2,4,4,3,3,4,1,4,4,1
ID949,1,4,3,3,1,3,3,4,4,1
ID950,1,3,2,2,3,2,2,3,2,2
ID951,2,3,3,3,2,2,2,3,3,2
ID952,1,4,3,1,3,3,3,3,3,1
ID953,1,4,3,1,4,3,3,3,2,2
ID954,1,2,3,2,2,1,2,4,2,1
ID955,1,3,2,1,2,1,2,4,3,1
ID956,1,2,2,1,3,2,2,3,3,2
ID957,1,1,1,2,2,2,1,2,2,2
ID958,1,3,3,2,3,1,1,3,2,1
ID959,1,1,1,1,3,1,3,4,2,1
ID960,2,2,2,1,3,3,3,3,3,1
ID961,3,3,2,2,3,2,2,3,3,2
ID962,1,2,3,3,1,2,2,3,2,1
ID963,1,3,2,2,2,2,2,4,3,1
ID964,1,2,1,2,4,1,1,4,1,1
ID965,1,2,3,2,3,2,2,3,3,3
ID966,2,3,3,1,2,2,2,3,2,2
ID967,2,3,2,1,3,3,4,4,4,2
ID968,1,2,2,2,2,2,2,2,3,1
ID969,1,3,3,3,3,2,2,3,3,2
ID970,2,2,3,2,3,4,1,4,2,1
ID971,1,3,2,2,2,3,2,2,2,2
ID972,1,1,4,4,2,2,2,4,3,2
ID973,1,3,3,3,3,2,2,3,2,1
ID974,1,3,3,1,3,1,2,2,3,1
ID975,1,2,2,2,3,1,1,4,2,1
ID976,1,3,2,1,1,3,1,3,2,1
ID977,1,3,2,1,1,2,1,1,2,1
ID978,1,3,3,2,2,3,2,1,4,2
ID979,2,3,2,2,2,3,3,3,4,2
ID980,1,3,3,3,1,2,3,3,4,2
ID981,2,2,2,2,2,2,2,2,2,2
ID982,1,3,3,1,3,3,3,3,3,1
ID983,1,3,2,2,3,2,2,4,2,2
ID984,2,3,3,3,3,2,3,3,4,2
ID985,1,4,4,3,2,4,3,3,3,2
ID986,2,3,2,3,1,2,2,3,1,2
ID987,1,2,2,2,3,2,2,4,3,1
ID988,1,2,3,1,1,3,1,3,3,1
ID989,1,2,2,1,2,2,1,3,3,2
ID990,2,3,3,3,2,3,3,3,2,2
ID991,1,3,2,2,2,2,2,3,4,2
ID992,2,3,3,3,2,3,3,3,3,2
ID993,3,2,2,2,3,2,2,2,2,2
ID994,1,1,3,3,1,1,1,3,3,1
ID995,1,3,2,3,3,2,2,3,3,1
ID996,1,4,3,1,1,1,2,4,1,1
ID997,1,2,2,3,2,2,2,3,1,2
ID998,1,2,2,3,4,3,2,3,3,2
ID999,1,2,2,3,1,1,3,3,1,1
ID1000,1,2,2,1,4,2,4,4,4,2
ID1001,2,2,2,1,4,2,2,4,2,2
ID1002,2,2,3,2,2,3,2,4,3,2
ID1003,1,3,1,3,1,2,2,4,2,2
ID1004,2,3,2,3,3,2,3,2,2,2
ID1005,1,2,2,4,1,1,1,2,1,1
ID1006,1,2,2,1,3,1,1,3,1,1
ID1007,1,3,1,3,2,3,3,3,2,1
ID1008,2,2,3,2,3,2,2,3,3,1
ID1009,1,2,2,2,3,1,2,3,2,2
ID1010,1,2,2,1,3,2,3,3,3,1
ID1011,1,2,3,1,4,3,3,4,4,2
ID1012,1,3,3,2,3,2,2,4,2,2
ID1013,1,2,3,2,2,1,2,3,2,2
ID1014,2,2,3,2,3,2,2,4,2,1
ID1015,2,4,4,3,2,2,2,4,2,2
ID1016,1,2,2,2,2,2,2,3,2,1
ID1017,1,2,2,2,3,2,3,4,3,2
ID1018,3,4,3,1,3,4,3,3,2,2
ID1019,2,2,1,2,3,2,3,3,2,1
ID1020,1,2,2,1,2,1,1,4,2,1
ID1021,2,2,2,1,2,2,3,2,3,2
ID1022,2,2,3,1,3,1,2,4,3,1
ID1023,1,2,2,3,1,1,1,4,3,1
ID1024,1,4,4,3,2,4,3,4,2,1
ID1025,1,3,2,3,1,4,3,4,2,1
ID1026,2,1,2,1,4,1,2,4,2,2
ID1027,2,3,3,2,2,2,2,4,2,1
ID1028,1,2,2,1,4,1,2,4,1,1
ID1029,2,3,3,1,1,2,2,3,2,1
ID1030,2,2,2,2,2,2,2,3,2,2
ID1031,1,2,3,2,3,2,3,3,3,2
ID1032,2,3,2,1,3,3,4,4,4,1
ID1033,1,3,2,4,3,1,2,4,3,1
ID1034,2,3,3,2,2,3,3,3,3,1
ID1035,1,3,2,2,3,2,3,3,4,2
ID1036,1,3,3,1,3,3,2,4,2,1
ID1037,1,3,3,3,2,3,2,3,3,3
ID1038,2,2,2,3,2,2,3,4,2,2
ID1039,1,3,3,1,2,3,1,3,3,1
ID1040,1,2,2,1,2,1,3,4,3,2
ID1041,2,2,3,2,3,1,3,4,2,1
ID1042,1,3,2,3,1,3,3,2,3,2
ID1043,1,1,2,2,2,2,2,2,2,2
ID1044,1,2,2,1,2,2,2,4,3,1
ID1045,1,2,2,1,3,2,2,3,3,2
ID1046,1,2,2,2,1,2,3,3,3,1
ID1047,1,2,2,1,4,2,2,4,2,2
ID1048,1,2,3,1,2,2,3,3,2,3
ID1049,2,2,2,2,3,2,2,3,2,2
ID1050,1,2,2,2,1,1,3,2,2,1
ID1051,1,3,3,3,3,3,3,3,3,3
ID1052,2,2,2,2,3,2,3,3,2,2
ID1053,1,2,3,2,3,2,2,3,2,2
ID1054,2,3,2,2,3,2,2,2,3,2
ID1055,1,3,2,3,2,3,3,3,3,2
ID1056,2,4,4,3,4,2,3,3,3,2
ID1057,1,2,2,1,4,1,1,4,1,1
ID1058,1,2,3,1,3,3,3,3,3,1
ID1059,1,3,3,3,3,1,2,4,3,1
ID1060,1,4,3,1,3,4,4,4,4,2
ID1061,1,2,3,2,3,2,3,4,3,1
ID1062,1,2,2,2,2,2,2,3,2,2
ID1063,2,4,4,1,2,4,1,4,4,1
ID1064,1,3,3,2,3,3,3,4,3,1
ID1065,1,4,2,1,4,3,4,4,3,2
ID1066,1,4,2,1,4,4,4,3,4,1
ID1067,1,3,3,2,2,3,1,4,4,3
ID1068,1,2,3,1,2,3,3,4,2,2
ID1069,1,2,3,2,3,2,1,3,2,1
